,Ingredients
0,salt
1,pepper
2,butter
3,garlic
4,sugar
5,flour
6,onion
7,olive oil
8,water
9,olive
10,egg
11,black pepper
12,milk
13,cheese
14,cream
15,lemon
16,chicken
17,tomato
18,vinegar
19,brown sugar
20,lemon juice
21,ground black pepper
22,parsley
23,cinnamon
24,garlic clove
25,vegetable oil
26,vanilla
27,baking powder
28,vanilla extract
29,unsalted butter
30,ginger
31,chocolate
32,soda
33,parmesan
34,celery
35,potato
36,kosher salt
37,mustard
38,cheddar
39,baking soda
40,sour cream
41,cilantro
42,soy sauce
43,cream cheese
44,parmesan cheese
45,cheddar cheese
46,oregano
47,red pepper
48,carrot
49,chicken broth
0,sourdough starter
1,dried apple
2,dessicated coconut
3,pumpkin pie spice
4,chicken thigh
5,teriyaki sauce
6,linguini
7,fish fillet
8,banana pepper
9,buckwheat flour
10,salsa
11,sprinkle
12,rice syrup
13,seafood seasoning
14,lime zest
15,seafood stock
16,cremini
17,calamari
18,double cream
19,cayenne pepper sauce
20,turmeric powder
21,portobello cap
22,beef
23,cranberry juice
24,bean sprout
25,liver
26,canned beef broth
27,garbanzo bean flour
28,jasmine
29,queso fresco
30,ground pepper
31,pineapple preserve
32,walnut oil
33,poblano chile
34,raw cashew
35,focaccia
36,guacamole
37,boneless skinless chicken thigh
38,raspberry vinegar
39,butterscotch chip
40,squash
41,tortilla wrap
42,lentil
43,caraway seed
44,chili paste
45,chanterelle
46,cider
47,gumbo
48,taco sauce
49,shimeji mushroom
